Sport,Name,sport_name,Time,TSS,Swim_ind,Bike_ind,Run_ind,Recovery_ind,Elite_ind,Prep_ind,Base 1_ind,Base 2_ind,Base 3_ind,Build 1_ind,Build 2_ind,Peak_ind,E_ind,S_ind,M_Ind,P_ind,F_ind,A_ind
Bike,A2.1,BikeA2,45,62,0,1,0,0,0,0,0,0,0,1,1,1,0,0,0,0,0,1
Bike,A2.2,BikeA2,49.5,70,0,1,0,0,0,0,0,0,0,1,1,1,0,0,0,0,0,1
Bike,A2.3,BikeA2,51,73,0,1,0,0,0,0,0,0,0,1,1,1,0,0,0,0,0,1
Bike,A2.4,BikeA2,57,84,0,1,0,0,0,0,0,0,0,1,1,1,0,0,0,0,0,1
Bike,A2.5,BikeA2,57,84,0,1,0,0,0,0,0,0,0,1,1,1,0,0,0,0,0,1
Bike,A2.6,BikeA2,63,95,0,1,0,0,0,0,0,0,0,1,1,1,0,0,0,0,0,1
Bike,A2.7,BikeA2,67,100,0,1,0,0,0,0,0,0,0,1,1,1,0,0,0,0,0,1
Bike,A3.1,BikeA3,60,64,0,1,0,0,0,0,0,0,0,1,1,1,0,0,0,0,0,1
Bike,A4.1,BikeA4,47,47,0,1,0,0,0,0,0,0,0,0,1,1,0,0,0,0,0,1
Bike,A4.2,BikeA4,44,46,0,1,0,0,0,0,0,0,0,0,1,1,0,0,0,0,0,1
Bike,A4.3,BikeA4,55,59,0,1,0,0,0,0,0,0,0,0,1,1,0,0,0,0,0,1
Bike,A4.4,BikeA4,53,56,0,1,0,0,0,0,0,0,0,0,1,1,0,0,0,0,0,1
Bike,A4.5,BikeA4,58,66,0,1,0,0,0,0,0,0,0,0,1,1,0,0,0,0,0,1
Bike,E1.1,BikeE1,35,16,0,1,0,1,0,1,1,1,1,1,1,1,1,0,0,0,0,0
Bike,E1.2,BikeE1,45,21,0,1,0,1,0,1,1,1,1,1,1,1,1,0,0,0,0,0
Bike,E1.3,BikeE1,60,28,0,1,0,1,0,1,1,1,1,1,1,1,1,0,0,0,0,0
Bike,E2.1a,BikeE2,60,42,0,1,0,1,0,1,1,1,1,1,1,1,1,0,0,0,0,0
Bike,E2.1b,BikeE2,90,63,0,1,0,1,0,1,1,1,1,1,1,1,1,0,0,0,0,0
Bike,E2.1c,BikeE2,120,84,0,1,0,1,0,1,1,1,1,1,1,1,1,0,0,0,0,0
Bike,E2.1d,BikeE2,70,49,0,1,0,1,0,1,1,1,1,1,1,1,1,0,0,0,0,0
Bike,E2.1e,BikeE2,135,92,0,1,0,0,1,1,1,1,1,1,1,1,1,0,0,0,0,0
Bike,E2.2,BikeE2,150,99,0,1,0,0,0,1,1,1,1,1,1,1,1,0,0,0,0,0
Bike,E3.1,BikeE3,60,47,0,1,0,0,0,0,1,1,1,0,0,0,1,0,0,0,0,0
Bike,E3.2,BikeE3,64,51,0,1,0,0,0,0,1,1,1,0,0,0,1,0,0,0,0,0
Bike,E3.3,BikeE3,75,60,0,1,0,0,0,0,1,1,1,0,0,0,1,0,0,0,0,0
Bike,E3.3a,BikeE3,62,53,0,1,0,0,0,0,1,1,1,0,0,0,1,0,0,0,0,0
Bike,E3.4,BikeE3,70,57,0,1,0,0,0,0,1,1,1,0,0,0,1,0,0,0,0,0
Bike,E3.5,BikeE3,80,68,0,1,0,0,0,0,1,1,1,0,0,0,1,0,0,0,0,0
Bike,E3.6,BikeE3,60,40,0,1,0,0,0,0,1,1,1,0,0,0,1,0,0,0,0,0
Bike,E3.7,BikeE3,65,46,0,1,0,0,0,0,1,1,1,0,0,0,1,0,0,0,0,0
Bike,E3.8,BikeE3,70,52,0,1,0,0,0,0,1,1,1,0,0,0,1,0,0,0,0,0
Bike,E3.9,BikeE3,75,56,0,1,0,0,0,0,1,1,1,0,0,0,1,0,0,0,0,0
Bike,E3.9a,BikeE3,85,67,0,1,0,0,0,0,1,1,1,0,0,0,1,0,0,0,0,0
Bike,E3.9b,BikeE3,60,46,0,1,0,0,0,0,1,1,1,0,0,0,1,0,0,0,0,0
Bike,E3.10,BikeE3,80,61,0,1,0,0,0,0,1,1,1,0,0,0,1,0,0,0,0,0
Bike,E3.11,BikeE3,90,76,0,1,0,0,0,0,1,1,1,0,0,0,1,0,0,0,0,0
Bike,E3.12,BikeE3,105,91,0,1,0,0,0,0,1,1,1,0,0,0,1,0,0,0,0,0
Bike,F1.1,BikeF1,66,49,0,1,0,0,0,0,0,1,1,0,0,0,0,0,0,0,1,0
Bike,F1.2,BikeF1,71,53,0,1,0,0,0,0,0,1,1,0,0,0,0,0,0,0,1,0
Bike,F1.3,BikeF1,76,57,0,1,0,0,0,0,0,1,1,0,0,0,0,0,0,0,1,0
Bike,F1.3a,BikeF1,48,36,0,1,0,0,0,0,0,1,1,0,0,0,0,0,0,0,1,0
Bike,F1.4,BikeF1,62,46,0,1,0,0,0,0,0,1,1,0,0,0,0,0,0,0,1,0
Bike,F1.4a,BikeF1,64,53,0,1,0,0,0,0,0,1,1,0,0,0,0,0,0,0,1,0
Bike,F1.4b,BikeF1,46,40,0,1,0,0,0,0,0,1,1,0,0,0,0,0,0,0,1,0
Bike,F1.5,BikeF1,66,50,0,1,0,0,0,0,0,1,1,0,0,0,0,0,0,0,1,0
Bike,F1.5a,BikeF1,69,57,0,1,0,0,0,0,0,1,1,0,0,0,0,0,0,0,1,0
Bike,F1.5b,BikeF1,73,61,0,1,0,0,0,0,0,1,1,0,0,0,0,0,0,0,1,0
Bike,F1.6,BikeF1,66,51,0,1,0,0,0,0,0,1,1,0,0,0,0,0,0,0,1,0
Bike,M1.1,BikeM1,67,59,0,1,0,0,0,0,0,1,1,0,0,0,0,0,1,0,0,0
Bike,M1.1a,BikeM1,45,38,0,1,0,0,0,0,0,1,1,0,0,0,0,0,1,0,0,0
Bike,M1.1b,BikeM1,27,22,0,1,0,0,0,0,0,1,1,0,0,0,0,0,1,0,0,0
Bike,M2.1,BikeM2,63,60,0,1,0,0,0,0,0,0,1,1,1,1,0,0,1,0,0,0
Bike,M2.2,BikeM2,64,64,0,1,0,0,0,0,0,0,1,1,1,1,0,0,1,0,0,0
Bike,M2.3,BikeM2,48,47,0,1,0,0,0,0,0,0,1,1,1,1,0,0,1,0,0,0
Bike,M2.4,BikeM2,66,72,0,1,0,0,0,0,0,0,1,1,1,1,0,0,1,0,0,0
Bike,M2.5,BikeM2,68,75,0,1,0,0,0,0,0,0,1,1,1,1,0,0,1,0,0,0
Bike,M4.1,BikeM4,60,84,0,1,0,0,0,0,0,0,0,1,1,1,0,0,1,0,0,0
Bike,M4.2,BikeM4,45,58,0,1,0,0,0,0,0,0,0,1,1,1,0,0,1,0,0,0
Bike,M4.3,BikeM4,45,61,0,1,0,0,0,0,0,0,0,1,1,1,0,0,1,0,0,0
Bike,M4.4,BikeM4,61,75,0,1,0,0,0,0,0,0,0,1,1,1,0,0,1,0,0,0
Bike,M5.1,BikeM5,75,85,0,1,0,0,0,0,0,0,0,0,1,1,0,0,1,0,0,0
Bike,M5.2,BikeM5,86,95,0,1,0,0,0,0,0,0,0,0,1,1,0,0,1,0,0,0
Bike,P1.1,BikeP1,73,66,0,1,0,0,0,0,0,0,0,1,1,1,0,0,0,1,0,0
Bike,S1.1,BikeS1,60,42,0,1,0,0,0,1,1,1,1,0,0,0,0,1,0,0,0,0
Bike,S1.1a,BikeS1,45,30,0,1,0,0,0,1,1,1,1,0,0,0,0,1,0,0,0,0
Bike,S1.2,BikeS1,70,41,0,1,0,0,0,1,1,1,1,0,0,0,0,1,0,0,0,0
Bike,S1.3,BikeS1,60,36,0,1,0,0,0,1,1,1,1,0,0,0,0,1,0,0,0,0
Bike,S1.4,BikeS1,59,42,0,1,0,0,0,1,1,1,1,0,0,0,0,1,0,0,0,0
Bike,S1.5,BikeS1,96.3333,61,0,1,0,0,0,1,1,1,1,0,0,0,0,1,0,0,0,0
Bike,S1.6,BikeS1,65,48,0,1,0,0,0,1,1,1,1,0,0,0,0,1,0,0,0,0
Bike,S1.6a,BikeS1,46,34,0,1,0,0,0,1,1,1,1,0,0,0,0,1,0,0,0,0
Bike,S1.6b,BikeS1,25,19,0,1,0,0,0,1,1,1,1,0,0,0,0,1,0,0,0,0
Bike,S1.2a,BikeS1,50,30,0,1,0,0,0,1,1,1,1,0,0,0,0,1,0,0,0,0
Bike,S1.3a,BikeS1,50,31,0,1,0,0,0,1,1,1,1,0,0,0,0,1,0,0,0,0
Bike,S1.4a,BikeS1,50,42,0,1,0,0,0,1,1,1,1,0,0,0,0,1,0,0,0,0
Bike,S1.5a,BikeS1,71.3333,45,0,1,0,0,0,1,1,1,1,0,0,0,0,1,0,0,0,0
Bike,S1.5b,BikeS1,50.3333,32,0,1,0,0,0,1,1,1,1,0,0,0,0,1,0,0,0,0
Bike,S1.5c,BikeS1,68,55,0,1,0,0,0,1,1,1,1,0,0,0,0,1,0,0,0,0
Bike,S1.5d,BikeS1,45,34,0,1,0,0,0,1,1,1,1,0,0,0,0,1,0,0,0,0
Bike,S1.5e,BikeS1,86,71,0,1,0,0,1,1,1,1,1,0,0,0,0,1,0,0,0,0
Bike,S1.5f,BikeS1,56.5,52,0,1,0,0,0,1,1,1,1,0,0,0,0,1,0,0,0,0
Bike,S1.5g,BikeS1,48,38,0,1,0,0,0,1,1,1,1,0,0,0,0,1,0,0,0,0
Run,A1,RunA1,62,79,0,0,1,0,0,0,0,0,0,1,1,1,0,0,0,0,0,1
Run,A2.1,RunA2,45,63,0,0,1,0,0,0,0,0,0,1,1,1,0,0,0,0,0,1
Run,A2.2,RunA2,49.5,71,0,0,1,0,0,0,0,0,0,1,1,1,0,0,0,0,0,1
Run,A2.3,RunA2,51,74,0,0,1,0,0,0,0,0,0,1,1,1,0,0,0,0,0,1
Run,A2.4,RunA2,57,85,0,0,1,0,0,0,0,0,0,1,1,1,0,0,0,0,0,1
Run,A2.5,RunA2,57,85,0,0,1,0,0,0,0,0,0,1,1,1,0,0,0,0,0,1
Run,A2.6,RunA2,63,96,0,0,1,0,0,0,0,0,0,1,1,1,0,0,0,0,0,1
Run,A2.7,RunA2,67,102,0,0,1,0,0,0,0,0,0,1,1,1,0,0,0,0,0,1
Run,A3.1,RunA3,49,69,0,0,1,0,0,0,0,0,0,1,1,1,0,0,0,0,0,1
Run,A3.2,RunA3,60,89,0,0,1,0,0,0,0,0,0,1,1,1,0,0,0,0,0,1
Run,A3.3,RunA3,65.5,99,0,0,1,0,0,0,0,0,0,1,1,1,0,0,0,0,0,1
Run,A4.1,RunA4,47,64,0,0,1,0,0,0,0,0,0,0,1,1,0,0,0,0,0,1
Run,A4.2,RunA4,51,72,0,0,1,0,0,0,0,0,0,0,1,1,0,0,0,0,0,1
Run,A4.3,RunA4,44,60,0,0,1,0,0,0,0,0,0,0,1,1,0,0,0,0,0,1
Run,A4.4,RunA4,55,76,0,0,1,0,0,0,0,0,0,0,1,1,0,0,0,0,0,1
Run,A4.5,RunA4,63,89,0,0,1,0,0,0,0,0,0,0,1,1,0,0,0,0,0,1
Run,E1.1,RunE1,20,23,0,0,1,1,0,1,1,1,1,1,1,1,1,0,0,0,0,0
Run,E1.2,RunE1,30,35,0,0,1,1,0,1,1,1,1,1,1,1,1,0,0,0,0,0
Run,E1.3,RunE1,40,47,0,0,1,1,0,1,1,1,1,1,1,1,1,0,0,0,0,0
Run,E1.4,RunE1,50,59,0,0,1,1,0,1,1,1,1,1,1,1,1,0,0,0,0,0
Run,E1.5,RunE1,60,71,0,0,1,1,0,1,1,1,1,1,1,1,1,0,0,0,0,0
Run,E2.1,RunE2,40,27,0,0,1,0,0,1,1,1,1,1,1,1,1,0,0,0,0,0
Run,E2.1b,RunE2,45,38,0,0,1,0,0,1,1,1,1,1,1,1,1,0,0,0,0,0
Run,E2.2,RunE2,50,33,0,0,1,0,0,1,1,1,1,1,1,1,1,0,0,0,0,0
Run,E2.3,RunE2,60,40,0,0,1,0,0,1,1,1,1,1,1,1,1,0,0,0,0,0
Run,E2.4,RunE2,70,47,0,0,1,0,0,1,1,1,1,1,1,1,1,0,0,0,0,0
Run,E2.5,RunE2,80,53,0,0,1,0,0,1,1,1,1,1,1,1,1,0,0,0,0,0
Run,E2.6,RunE2,90,60,0,0,1,0,0,1,1,1,1,1,1,1,1,0,0,0,0,0
Run,E2.7,RunE2,100,67,0,0,1,0,0,1,1,1,1,1,1,1,1,0,0,0,0,0
Run,E2.1a,RunE2,40,33,0,0,1,0,0,1,1,1,1,1,1,1,1,0,0,0,0,0
Run,E2.2a,RunE2,50,42,0,0,1,0,0,1,1,1,1,1,1,1,1,0,0,0,0,0
Run,E2.3a,RunE2,60,50,0,0,1,0,0,1,1,1,1,1,1,1,1,0,0,0,0,0
Run,E2.4a,RunE2,70,58,0,0,1,0,0,1,1,1,1,1,1,1,1,0,0,0,0,0
Run,E2.5a,RunE2,75,50,0,0,1,0,0,1,1,1,1,1,1,1,1,0,0,0,0,0
Run,E3.1,RunE3,46,57,0,0,1,0,0,0,1,1,1,0,0,0,1,0,0,0,0,0
Run,E3.2,RunE3,50,63,0,0,1,0,0,0,1,1,1,0,0,0,1,0,0,0,0,0
Run,E3.3,RunE3,57,73,0,0,1,0,0,0,1,1,1,0,0,0,1,0,0,0,0,0
Run,E3.4,RunE3,63,82,0,0,1,0,0,0,1,1,1,0,0,0,1,0,0,0,0,0
Run,E3.4a,RunE3,69,91,0,0,1,0,0,0,1,1,1,0,0,0,1,0,0,0,0,0
Run,E3.5,RunE3,55,69,0,0,1,0,0,0,1,1,1,0,0,0,1,0,0,0,0,0
Run,E3.6,RunE3,60,76,0,0,1,0,0,0,1,1,1,0,0,0,1,0,0,0,0,0
Run,E3.7,RunE3,50,63,0,0,1,0,0,0,1,1,1,0,0,0,1,0,0,0,0,0
Run,E3.8,RunE3,45,56,0,0,1,0,0,0,1,1,1,0,0,0,1,0,0,0,0,0
Run,E3.9,RunE3,45,43,0,0,1,0,0,0,1,1,1,0,0,0,1,0,0,0,0,0
Run,E3.10,RunE3,50,48,0,0,1,0,0,0,1,1,1,0,0,0,1,0,0,0,0,0
Run,E3.11,RunE3,60,58,0,0,1,0,0,0,1,1,1,0,0,0,1,0,0,0,0,0
Run,E3.12,RunE3,70,68,0,0,1,0,0,0,1,1,1,0,0,0,1,0,0,0,0,0
Run,E3.13,RunE3,80,78,0,0,1,0,0,0,1,1,1,0,0,0,1,0,0,0,0,0
Run,E3.14,RunE3,90,88,0,0,1,0,0,0,1,1,1,0,0,0,1,0,0,0,0,0
Run,F1.1,RunF1,54,62,0,0,1,0,0,0,0,1,1,0,0,0,0,0,0,0,1,0
Run,F1.2,RunF1,59,69,0,0,1,0,0,0,0,1,1,0,0,0,0,0,0,0,1,0
Run,F1.3,RunF1,60,71,0,0,1,0,0,0,0,1,1,0,0,0,0,0,0,0,1,0
Run,F1.4,RunF1,54,65,0,0,1,0,0,0,0,1,1,0,0,0,0,0,0,0,1,0
Run,F1.5,RunF1,56,68,0,0,1,0,0,0,0,1,1,0,0,0,0,0,0,0,1,0
Run,F1.6,RunF1,55,68,0,0,1,0,0,0,0,1,1,0,0,0,0,0,0,0,1,0
Run,F1.7,RunF1,57,70,0,0,1,0,0,0,0,1,1,0,0,0,0,0,0,0,1,0
Run,F1.8,RunF1,45,54,0,0,1,0,0,0,0,1,1,0,0,0,0,0,0,0,1,0
Run,F1.9,RunF1,63,75,0,0,1,0,0,0,0,1,1,0,0,0,0,0,0,0,1,0
Run,M1.1,RunM1,56,71,0,0,1,0,0,0,0,1,1,0,0,0,0,0,1,0,0,0
Run,M1.2,RunM1,60,77,0,0,1,0,0,0,0,1,1,0,0,0,0,0,1,0,0,0
Run,M2.2,RunM2,59,74,0,0,1,0,0,0,0,0,1,1,1,1,0,0,1,0,0,0
Run,S1.1,RunS1,39,45,0,0,1,0,0,1,1,1,1,1,1,1,0,1,0,0,0,0
Run,S1.2,RunS1,64,78,0,0,1,0,0,1,1,1,1,1,1,1,0,1,0,0,0,0
Run,S1.3,RunS1,56,73,0,0,1,0,0,1,1,1,1,1,1,1,0,1,0,0,0,0
Run,S1.4,RunS1,47.5,58,0,0,1,0,0,1,1,1,1,1,1,1,0,1,0,0,0,0
Run,S1.5,RunS1,33,37,0,0,1,0,0,1,1,1,1,1,1,1,0,1,0,0,0,0
Run,S1.6,RunS1,51,61,0,0,1,0,0,1,1,1,1,1,1,1,0,1,0,0,0,0
Run,S1.7,RunS1,49,59,0,0,1,0,0,1,1,1,1,1,1,1,0,1,0,0,0,0
Swim,A1.1,SwimA1,38.5,40,1,0,0,0,0,0,0,0,0,1,1,1,0,0,0,0,0,1
Swim,A1.2,SwimA1,43.5,48,1,0,0,0,0,0,0,0,0,1,1,1,0,0,0,0,0,1
Swim,A1.3,SwimA1,52,57,1,0,0,0,0,0,0,0,0,1,1,1,0,0,0,0,0,1
Swim,A1.4,SwimA1,30,31,1,0,0,0,0,0,0,0,0,1,1,1,0,0,0,0,0,1
Swim,A2.1,SwimA2,50,44,1,0,0,0,0,0,0,0,0,0,1,1,0,0,0,0,0,1
Swim,A2.2,SwimA2,50,50,1,0,0,0,0,0,0,0,0,0,1,1,0,0,0,0,0,1
Swim,A2.3,SwimA2,54,60,1,0,0,0,0,0,0,0,0,0,1,1,0,0,0,0,0,1
Swim,A2.4,SwimA2,31,32,1,0,0,0,0,0,0,0,0,0,1,1,0,0,0,0,0,1
Swim,E2.1,SwimE2,32,32,1,0,0,1,0,1,1,1,1,1,1,1,1,0,0,0,0,0
Swim,E2.2,SwimE2,32,34,1,0,0,1,0,1,1,1,1,1,1,1,1,0,0,0,0,0
Swim,E2.2a,SwimE2,43,41,1,0,0,1,0,1,1,1,1,1,1,1,1,0,0,0,0,0
Swim,E2.3,SwimE2,40,44,1,0,0,1,0,1,1,1,1,1,1,1,1,0,0,0,0,0
Swim,E2.4,SwimE2,48,53,1,0,0,1,0,1,1,1,1,1,1,1,1,0,0,0,0,0
Swim,E2.5,SwimE2,29,28,1,0,0,1,0,1,1,1,1,1,1,1,1,0,0,0,0,0
Swim,E2.6,SwimE2,49,53,1,0,0,1,0,1,1,1,1,1,1,1,1,0,0,0,0,0
Swim,E3.1,SwimE3,30,35,1,0,0,0,0,1,1,1,1,0,0,0,1,0,0,0,0,0
Swim,E3.2,SwimE3,32,34,1,0,0,0,0,1,1,1,1,0,0,0,1,0,0,0,0,0
Swim,E3.3,SwimE3,32,43,1,0,0,0,0,1,1,1,1,0,0,0,1,0,0,0,0,0
Swim,E3.4,SwimE3,34,44,1,0,0,0,0,1,1,1,1,0,0,0,1,0,0,0,0,0
Swim,E3.5,SwimE3,42,55,1,0,0,0,0,1,1,1,1,0,0,0,1,0,0,0,0,0
Swim,E3.6,SwimE3,58,76,1,0,0,0,0,1,1,1,1,0,0,0,1,0,0,0,0,0
Swim,F1.1,SwimF1,36,34,1,0,0,0,0,0,0,1,1,1,1,1,0,0,0,0,1,0
Swim,F1.2,SwimF1,47,46,1,0,0,0,0,0,0,1,1,1,1,1,0,0,0,0,1,0
Swim,F1.3,SwimF1,35,37,1,0,0,0,0,0,0,1,1,1,1,1,0,0,0,0,1,0
Swim,F1.4,SwimF1,50,55,1,0,0,0,0,0,0,1,1,1,1,1,0,0,0,0,1,0
Swim,M1.1,SwimM1,38,36,1,0,0,0,0,0,0,1,1,1,1,1,0,0,1,0,0,0
Swim,M1.3,SwimM1,56.5,61,1,0,0,0,0,0,0,1,1,1,1,1,0,0,1,0,0,0
Swim,M1.4,SwimM1,48.2,53,1,0,0,0,0,0,0,1,1,1,1,1,0,0,1,0,0,0
Swim,M1.5,SwimM1,46.5,50,1,0,0,0,0,0,0,1,1,1,1,1,0,0,1,0,0,0
Swim,M1.6,SwimM1,34.5,37,1,0,0,0,0,0,0,1,1,1,1,1,0,0,1,0,0,0
Swim,M1.7,SwimM1,47,49,1,0,0,0,0,0,0,1,1,1,1,1,0,0,1,0,0,0
Swim,M1.8,SwimM1,54,54,1,0,0,0,0,0,0,1,1,1,1,1,0,0,1,0,0,0
Swim,S1.1,SwimS1,27,26,1,0,0,0,0,1,1,1,1,1,1,1,0,1,0,0,0,0
Swim,S1.2,SwimS1,34,35,1,0,0,0,0,1,1,1,1,1,1,1,0,1,0,0,0,0
Swim,S1.3,SwimS1,50,44,1,0,0,0,0,1,1,1,1,1,1,1,0,1,0,0,0,0
Bike,E2.01E,BikeE2,90,63,0,1,0,0,1,1,1,1,1,1,1,1,1,0,0,0,0,0
Bike,E2.02E,BikeE2,105,74,0,1,0,0,1,1,1,1,1,1,1,1,1,0,0,0,0,0
Bike,E2.03E,BikeE2,120,85,0,1,0,0,1,1,1,1,1,1,1,1,1,0,0,0,0,0
Bike,E2.04E,BikeE2,135,95,0,1,0,0,1,1,1,1,1,1,1,1,1,0,0,0,0,0
Bike,E2.05E,BikeE2,150,106,0,1,0,0,1,1,1,1,1,1,1,1,1,0,0,0,0,0
Bike,E2.11E,BikeE2,120,77,0,1,0,0,1,1,1,1,1,1,1,1,1,0,0,0,0,0
Bike,E2.12E,BikeE2,135,88,0,1,0,0,1,1,1,1,1,1,1,1,1,0,0,0,0,0
Bike,E2.13E,BikeE2,150,98,0,1,0,0,1,1,1,1,1,1,1,1,1,0,0,0,0,0
Bike,E2.14E,BikeE2,180,119,0,1,0,0,1,1,1,1,1,1,1,1,1,0,0,0,0,0
Bike,E2.15E,BikeE2,210,141,0,1,0,0,1,1,1,1,1,1,1,1,1,0,0,0,0,0
Bike,E2.16E,BikeE2,240,162,0,1,0,0,1,1,1,1,1,1,1,1,1,0,0,0,0,0
Bike,E2.17E,BikeE2,270,183,0,1,0,0,1,1,1,1,1,1,1,1,1,0,0,0,0,0
Bike,E2.21E,BikeE2,90,60,0,1,0,0,1,1,1,1,1,1,1,1,1,0,0,0,0,0
Bike,E2.22E,BikeE2,100,67,0,1,0,0,1,1,1,1,1,1,1,1,1,0,0,0,0,0
Bike,E2.23E,BikeE2,120,83,0,1,0,0,1,1,1,1,1,1,1,1,1,0,0,0,0,0
Bike,E2.24E,BikeE2,140,96,0,1,0,0,1,1,1,1,1,1,1,1,1,0,0,0,0,0
Bike,E2.25E,BikeE2,160,111,0,1,0,0,1,1,1,1,1,1,1,1,1,0,0,0,0,0
Bike,E2.26E,BikeE2,180,124,0,1,0,0,1,1,1,1,1,1,1,1,1,0,0,0,0,0
Bike,E3.01E,BikeE3,70,57,0,1,0,0,1,0,1,1,1,0,0,0,1,0,0,0,0,0
Bike,E3.02E,BikeE3,80,68,0,1,0,0,1,0,1,1,1,0,0,0,1,0,0,0,0,0
Bike,E3.03E,BikeE3,90,76,0,1,0,0,1,0,1,1,1,0,0,0,1,0,0,0,0,0
Bike,E3.04E,BikeE3,105,91,0,1,0,0,1,0,1,1,1,0,0,0,1,0,0,0,0,0
Bike,E3.05E,BikeE3,100,88,0,1,0,0,1,0,1,1,1,0,0,0,1,0,0,0,0,0
Bike,E3.06E,BikeE3,120,109,0,1,0,0,1,0,1,1,1,0,0,0,1,0,0,0,0,0
Bike,E3.07E,BikeE3,85,75,0,1,0,0,1,0,1,1,1,0,0,0,1,0,0,0,0,0
Bike,E3.08E,BikeE3,95,85,0,1,0,0,1,0,1,1,1,0,0,0,1,0,0,0,0,0
Bike,E3.09E,BikeE3,110,100,0,1,0,0,1,0,1,1,1,0,0,0,1,0,0,0,0,0
Bike,E3.10E,BikeE3,125,116,0,1,0,0,1,0,1,1,1,0,0,0,1,0,0,0,0,0
Bike,F2.01E,BikeF2,76,57,0,1,0,0,1,0,0,0,1,1,0,0,0,0,0,0,1,0
Bike,F2.02E,BikeF2,84,66,0,1,0,0,1,0,0,0,1,1,0,0,0,0,0,0,1,0
Bike,F2.03E,BikeF2,88,68,0,1,0,0,1,0,0,0,1,1,0,0,0,0,0,0,1,0
Bike,F2.04E,BikeF2,98,78,0,1,0,0,1,0,0,0,1,1,0,0,0,0,0,0,1,0
Bike,F2.05E,BikeF2,108,89,0,1,0,0,1,0,0,0,1,1,0,0,0,0,0,0,1,0
Bike,F2.06E,BikeF2,76,52,0,1,0,0,1,0,0,0,1,1,0,0,0,0,0,0,1,0
Bike,F2.07E,BikeF2,76,47,0,1,0,0,1,0,0,0,1,1,0,0,0,0,0,0,1,0
Bike,M2.1E,BikeM2,82,79,0,1,0,0,1,0,0,0,1,1,1,1,0,0,1,0,0,0
Bike,M2.2E,BikeM2,95,93,0,1,0,0,1,0,0,0,1,1,1,1,0,0,1,0,0,0
Bike,M2.3E,BikeM2,90,90,0,1,0,0,1,0,0,0,1,1,1,1,0,0,1,0,0,0
Bike,M2.4E,BikeM2,105,107,0,1,0,0,1,0,0,0,1,1,1,1,0,0,1,0,0,0
Bike,M2.5E,BikeM2,98,101,0,1,0,0,1,0,0,0,1,1,1,1,0,0,1,0,0,0
Bike,M2.6E,BikeM2,115,120,0,1,0,0,1,0,0,0,1,1,1,1,0,0,1,0,0,0
Bike,M4.1E,BikeM4,70,74,0,1,0,0,1,0,0,0,0,1,1,1,0,0,1,0,0,0
Bike,M4.2E,BikeM4,79,87,0,1,0,0,1,0,0,0,0,1,1,1,0,0,1,0,0,0
Bike,M4.3E,BikeM4,86,97,0,1,0,0,1,0,0,0,0,1,1,1,0,0,1,0,0,0
Bike,M4.4E,BikeM4,94,111,0,1,0,0,1,0,0,0,0,1,1,1,0,0,1,0,0,0
Bike,M4.5E,BikeM4,124,148,0,1,0,0,1,0,0,0,0,1,1,1,0,0,1,0,0,0
Bike,S1.01E,BikeS1,63,39,0,1,0,0,1,1,1,1,1,0,0,0,0,1,0,0,0,0
Bike,S1.02E,BikeS1,67,43,0,1,0,0,1,1,1,1,1,0,0,0,0,1,0,0,0,0
Bike,S1.03E,BikeS1,79,52,0,1,0,0,1,1,1,1,1,0,0,0,0,1,0,0,0,0
Bike,S1.04E,BikeS1,87,61,0,1,0,0,1,1,1,1,1,0,0,0,0,1,0,0,0,0
Bike,S1.05E,BikeS1,86,71,0,1,0,0,1,1,1,1,1,0,0,0,0,1,0,0,0,0
Bike,S1.06E,BikeS1,102,83,0,1,0,0,1,1,1,1,1,0,0,0,0,1,0,0,0,0
Bike,S1.07E,BikeS1,70,59,0,1,0,0,1,1,1,1,1,0,0,0,0,1,0,0,0,0
Bike,S2.01E,BikeS2,77,51,0,1,0,0,1,1,1,1,1,0,0,0,0,1,0,0,0,0
Bike,S2.02E,BikeS2,96,67,0,1,0,0,1,1,1,1,1,0,0,0,0,1,0,0,0,0
Run,E2.1E,RunE2,40,47,0,0,1,1,1,1,1,1,1,1,1,1,1,0,0,0,0,0
Run,E2.2E,RunE2,50,59,0,0,1,1,1,1,1,1,1,1,1,1,1,0,0,0,0,0
Run,E2.3E,RunE2,60,71,0,0,1,1,1,1,1,1,1,1,1,1,1,0,0,0,0,0
Run,E2.4E,RunE2,70,83,0,0,1,0,1,1,1,1,1,1,1,1,1,0,0,0,0,0
Run,E2.5E,RunE2,80,95,0,0,1,0,1,1,1,1,1,1,1,1,1,0,0,0,0,0
Run,E2.6E,RunE2,90,107,0,0,1,0,1,1,1,1,1,1,1,1,1,0,0,0,0,0
Run,E2.7E,RunE2,100,119,0,0,1,0,1,1,1,1,1,1,1,1,1,0,0,0,0,0
Run,E2.8E,RunE2,110,132,0,0,1,0,1,1,1,1,1,1,1,1,1,0,0,0,0,0
Run,E2.9E,RunE2,120,144,0,0,1,0,1,1,1,1,1,1,1,1,1,0,0,0,0,0
Run,E2.10E,RunE2,135,163,0,0,1,0,1,1,1,1,1,1,1,1,1,0,0,0,0,0
Run,E2.11E,RunE2,150,181,0,0,1,0,1,1,1,1,1,1,1,1,1,0,0,0,0,0
Run,E2.12E,RunE2,165,200,0,0,1,0,1,1,1,1,1,1,1,1,1,0,0,0,0,0
Run,E2.13E,RunE2,180,219,0,0,1,0,1,1,1,1,1,1,1,1,1,0,0,0,0,0
Run,E2.14E,RunE2,195,238,0,0,1,0,1,1,1,1,1,1,1,1,1,0,0,0,0,0
Run,E2.15E,RunE2,210,257,0,0,1,0,1,1,1,1,1,1,1,1,1,0,0,0,0,0
Run,E2.16E,RunE2,225,276,0,0,1,0,1,1,1,1,1,1,1,1,1,0,0,0,0,0
Run,E2.17E,RunE2,240,294,0,0,1,0,1,1,1,1,1,1,1,1,1,0,0,0,0,0
Bike,A2.1lt,BikeA2,22.5,31,0,1,0,0,0,0,0,0,0,1,1,1,0,0,0,0,0,1
Bike,A2.2lt,BikeA2,24.75,35,0,1,0,0,0,0,0,0,0,1,1,1,0,0,0,0,0,1
Bike,A2.3lt,BikeA2,25.5,36.5,0,1,0,0,0,0,0,0,0,1,1,1,0,0,0,0,0,1
Bike,A2.4lt,BikeA2,28.5,42,0,1,0,0,0,0,0,0,0,1,1,1,0,0,0,0,0,1
Bike,A2.5lt,BikeA2,28.5,42,0,1,0,0,0,0,0,0,0,1,1,1,0,0,0,0,0,1
Bike,A2.6lt,BikeA2,31.5,47.5,0,1,0,0,0,0,0,0,0,1,1,1,0,0,0,0,0,1
Bike,A2.7lt,BikeA2,33.5,50,0,1,0,0,0,0,0,0,0,1,1,1,0,0,0,0,0,1
Bike,A3.1lt,BikeA3,30,32,0,1,0,0,0,0,0,0,0,1,1,1,0,0,0,0,0,1
Bike,A4.1lt,BikeA4,23.5,23.5,0,1,0,0,0,0,0,0,0,0,1,1,0,0,0,0,0,1
Bike,A4.2lt,BikeA4,22,23,0,1,0,0,0,0,0,0,0,0,1,1,0,0,0,0,0,1
Bike,A4.3lt,BikeA4,27.5,29.5,0,1,0,0,0,0,0,0,0,0,1,1,0,0,0,0,0,1
Bike,A4.4lt,BikeA4,26.5,28,0,1,0,0,0,0,0,0,0,0,1,1,0,0,0,0,0,1
Bike,A4.5lt,BikeA4,29,33,0,1,0,0,0,0,0,0,0,0,1,1,0,0,0,0,0,1
Bike,E1.1lt,BikeE1,17.5,8,0,1,0,1,0,1,1,1,1,1,1,1,1,0,0,0,0,0
Bike,E1.2lt,BikeE1,22.5,10.5,0,1,0,1,0,1,1,1,1,1,1,1,1,0,0,0,0,0
Bike,E1.3lt,BikeE1,30,14,0,1,0,1,0,1,1,1,1,1,1,1,1,0,0,0,0,0
Bike,E2.1alt,BikeE2,30,21,0,1,0,1,0,1,1,1,1,1,1,1,1,0,0,0,0,0
Bike,E2.1blt,BikeE2,45,31.5,0,1,0,1,0,1,1,1,1,1,1,1,1,0,0,0,0,0
Bike,E2.1clt,BikeE2,60,42,0,1,0,1,0,1,1,1,1,1,1,1,1,0,0,0,0,0
Bike,E2.1dlt,BikeE2,35,24.5,0,1,0,1,0,1,1,1,1,1,1,1,1,0,0,0,0,0
Bike,E2.1elt,BikeE2,67.5,46,0,1,0,0,1,1,1,1,1,1,1,1,1,0,0,0,0,0
Bike,E2.2lt,BikeE2,75,49.5,0,1,0,0,0,1,1,1,1,1,1,1,1,0,0,0,0,0
Bike,E3.1lt,BikeE3,30,23.5,0,1,0,0,0,0,1,1,1,0,0,0,1,0,0,0,0,0
Bike,E3.2lt,BikeE3,32,25.5,0,1,0,0,0,0,1,1,1,0,0,0,1,0,0,0,0,0
Bike,E3.3lt,BikeE3,37.5,30,0,1,0,0,0,0,1,1,1,0,0,0,1,0,0,0,0,0
Bike,E3.3alt,BikeE3,31,26.5,0,1,0,0,0,0,1,1,1,0,0,0,1,0,0,0,0,0
Bike,E3.4lt,BikeE3,35,28.5,0,1,0,0,0,0,1,1,1,0,0,0,1,0,0,0,0,0
Bike,E3.5lt,BikeE3,40,34,0,1,0,0,0,0,1,1,1,0,0,0,1,0,0,0,0,0
Bike,E3.6lt,BikeE3,30,20,0,1,0,0,0,0,1,1,1,0,0,0,1,0,0,0,0,0
Bike,E3.7lt,BikeE3,32.5,23,0,1,0,0,0,0,1,1,1,0,0,0,1,0,0,0,0,0
Bike,E3.8lt,BikeE3,35,26,0,1,0,0,0,0,1,1,1,0,0,0,1,0,0,0,0,0
Bike,E3.9lt,BikeE3,37.5,28,0,1,0,0,0,0,1,1,1,0,0,0,1,0,0,0,0,0
Bike,E3.9alt,BikeE3,42.5,33.5,0,1,0,0,0,0,1,1,1,0,0,0,1,0,0,0,0,0
Bike,E3.9blt,BikeE3,30,23,0,1,0,0,0,0,1,1,1,0,0,0,1,0,0,0,0,0
Bike,E3.10lt,BikeE3,40,30.5,0,1,0,0,0,0,1,1,1,0,0,0,1,0,0,0,0,0
Bike,E3.11lt,BikeE3,45,38,0,1,0,0,0,0,1,1,1,0,0,0,1,0,0,0,0,0
Bike,E3.12lt,BikeE3,52.5,45.5,0,1,0,0,0,0,1,1,1,0,0,0,1,0,0,0,0,0
Bike,F1.1lt,BikeF1,33,24.5,0,1,0,0,0,0,0,1,1,0,0,0,0,0,0,0,1,0
Bike,F1.2lt,BikeF1,35.5,26.5,0,1,0,0,0,0,0,1,1,0,0,0,0,0,0,0,1,0
Bike,F1.3lt,BikeF1,38,28.5,0,1,0,0,0,0,0,1,1,0,0,0,0,0,0,0,1,0
Bike,F1.3alt,BikeF1,24,18,0,1,0,0,0,0,0,1,1,0,0,0,0,0,0,0,1,0
Bike,F1.4lt,BikeF1,31,23,0,1,0,0,0,0,0,1,1,0,0,0,0,0,0,0,1,0
Bike,F1.4alt,BikeF1,32,26.5,0,1,0,0,0,0,0,1,1,0,0,0,0,0,0,0,1,0
Bike,F1.4blt,BikeF1,23,20,0,1,0,0,0,0,0,1,1,0,0,0,0,0,0,0,1,0
Bike,F1.5lt,BikeF1,33,25,0,1,0,0,0,0,0,1,1,0,0,0,0,0,0,0,1,0
Bike,F1.5alt,BikeF1,34.5,28.5,0,1,0,0,0,0,0,1,1,0,0,0,0,0,0,0,1,0
Bike,F1.5blt,BikeF1,36.5,30.5,0,1,0,0,0,0,0,1,1,0,0,0,0,0,0,0,1,0
Bike,F1.6lt,BikeF1,33,25.5,0,1,0,0,0,0,0,1,1,0,0,0,0,0,0,0,1,0
Bike,M1.1lt,BikeM1,33.5,29.5,0,1,0,0,0,0,0,1,1,0,0,0,0,0,1,0,0,0
Bike,M1.1alt,BikeM1,22.5,19,0,1,0,0,0,0,0,1,1,0,0,0,0,0,1,0,0,0
Bike,M1.1blt,BikeM1,13.5,11,0,1,0,0,0,0,0,1,1,0,0,0,0,0,1,0,0,0
Bike,M2.1lt,BikeM2,31.5,30,0,1,0,0,0,0,0,0,1,1,1,1,0,0,1,0,0,0
Bike,M2.2lt,BikeM2,32,32,0,1,0,0,0,0,0,0,1,1,1,1,0,0,1,0,0,0
Bike,M2.3lt,BikeM2,24,23.5,0,1,0,0,0,0,0,0,1,1,1,1,0,0,1,0,0,0
Bike,M2.4lt,BikeM2,33,36,0,1,0,0,0,0,0,0,1,1,1,1,0,0,1,0,0,0
Bike,M2.5lt,BikeM2,34,37.5,0,1,0,0,0,0,0,0,1,1,1,1,0,0,1,0,0,0
Bike,M4.1lt,BikeM4,30,42,0,1,0,0,0,0,0,0,0,1,1,1,0,0,1,0,0,0
Bike,M4.2lt,BikeM4,22.5,29,0,1,0,0,0,0,0,0,0,1,1,1,0,0,1,0,0,0
Bike,M4.3lt,BikeM4,22.5,30.5,0,1,0,0,0,0,0,0,0,1,1,1,0,0,1,0,0,0
Bike,M4.4lt,BikeM4,30.5,37.5,0,1,0,0,0,0,0,0,0,1,1,1,0,0,1,0,0,0
Bike,M5.1lt,BikeM5,37.5,42.5,0,1,0,0,0,0,0,0,0,0,1,1,0,0,1,0,0,0
Bike,M5.2lt,BikeM5,43,47.5,0,1,0,0,0,0,0,0,0,0,1,1,0,0,1,0,0,0
Bike,P1.1lt,BikeP1,36.5,33,0,1,0,0,0,0,0,0,0,1,1,1,0,0,0,1,0,0
Bike,S1.1lt,BikeS1,30,21,0,1,0,0,0,1,1,1,1,0,0,0,0,1,0,0,0,0
Bike,S1.1alt,BikeS1,22.5,15,0,1,0,0,0,1,1,1,1,0,0,0,0,1,0,0,0,0
Bike,S1.2lt,BikeS1,35,20.5,0,1,0,0,0,1,1,1,1,0,0,0,0,1,0,0,0,0
Bike,S1.3lt,BikeS1,30,18,0,1,0,0,0,1,1,1,1,0,0,0,0,1,0,0,0,0
Bike,S1.4lt,BikeS1,29.5,21,0,1,0,0,0,1,1,1,1,0,0,0,0,1,0,0,0,0
Bike,S1.5lt,BikeS1,48.16665,30.5,0,1,0,0,0,1,1,1,1,0,0,0,0,1,0,0,0,0
Bike,S1.6lt,BikeS1,32.5,24,0,1,0,0,0,1,1,1,1,0,0,0,0,1,0,0,0,0
Bike,S1.6alt,BikeS1,23,17,0,1,0,0,0,1,1,1,1,0,0,0,0,1,0,0,0,0
Bike,S1.6blt,BikeS1,12.5,9.5,0,1,0,0,0,1,1,1,1,0,0,0,0,1,0,0,0,0
Bike,S1.2alt,BikeS1,25,15,0,1,0,0,0,1,1,1,1,0,0,0,0,1,0,0,0,0
Bike,S1.3alt,BikeS1,25,15.5,0,1,0,0,0,1,1,1,1,0,0,0,0,1,0,0,0,0
Bike,S1.4alt,BikeS1,25,21,0,1,0,0,0,1,1,1,1,0,0,0,0,1,0,0,0,0
Bike,S1.5alt,BikeS1,35.66665,22.5,0,1,0,0,0,1,1,1,1,0,0,0,0,1,0,0,0,0
Bike,S1.5blt,BikeS1,25.16665,16,0,1,0,0,0,1,1,1,1,0,0,0,0,1,0,0,0,0
Bike,S1.5clt,BikeS1,34,27.5,0,1,0,0,0,1,1,1,1,0,0,0,0,1,0,0,0,0
Bike,S1.5dlt,BikeS1,22.5,17,0,1,0,0,0,1,1,1,1,0,0,0,0,1,0,0,0,0
Bike,S1.5elt,BikeS1,43,35.5,0,1,0,0,1,1,1,1,1,0,0,0,0,1,0,0,0,0
Bike,S1.5flt,BikeS1,28.25,26,0,1,0,0,0,1,1,1,1,0,0,0,0,1,0,0,0,0
Bike,S1.5glt,BikeS1,24,19,0,1,0,0,0,1,1,1,1,0,0,0,0,1,0,0,0,0
Run,A1lt,RunA1,31,39.5,0,0,1,0,0,0,0,0,0,1,1,1,0,0,0,0,0,1
Run,A2.1lt,RunA2,22.5,31.5,0,0,1,0,0,0,0,0,0,1,1,1,0,0,0,0,0,1
Run,A2.2lt,RunA2,24.75,35.5,0,0,1,0,0,0,0,0,0,1,1,1,0,0,0,0,0,1
Run,A2.3lt,RunA2,25.5,37,0,0,1,0,0,0,0,0,0,1,1,1,0,0,0,0,0,1
Run,A2.4lt,RunA2,28.5,42.5,0,0,1,0,0,0,0,0,0,1,1,1,0,0,0,0,0,1
Run,A2.5lt,RunA2,28.5,42.5,0,0,1,0,0,0,0,0,0,1,1,1,0,0,0,0,0,1
Run,A2.6lt,RunA2,31.5,48,0,0,1,0,0,0,0,0,0,1,1,1,0,0,0,0,0,1
Run,A2.7lt,RunA2,33.5,51,0,0,1,0,0,0,0,0,0,1,1,1,0,0,0,0,0,1
Run,A3.1lt,RunA3,24.5,34.5,0,0,1,0,0,0,0,0,0,1,1,1,0,0,0,0,0,1
Run,A3.2lt,RunA3,30,44.5,0,0,1,0,0,0,0,0,0,1,1,1,0,0,0,0,0,1
Run,A3.3lt,RunA3,32.75,49.5,0,0,1,0,0,0,0,0,0,1,1,1,0,0,0,0,0,1
Run,A4.1lt,RunA4,23.5,32,0,0,1,0,0,0,0,0,0,0,1,1,0,0,0,0,0,1
Run,A4.2lt,RunA4,25.5,36,0,0,1,0,0,0,0,0,0,0,1,1,0,0,0,0,0,1
Run,A4.3lt,RunA4,22,30,0,0,1,0,0,0,0,0,0,0,1,1,0,0,0,0,0,1
Run,A4.4lt,RunA4,27.5,38,0,0,1,0,0,0,0,0,0,0,1,1,0,0,0,0,0,1
Run,A4.5lt,RunA4,31.5,44.5,0,0,1,0,0,0,0,0,0,0,1,1,0,0,0,0,0,1
Run,E1.1lt,RunE1,10,11.5,0,0,1,1,0,1,1,1,1,1,1,1,1,0,0,0,0,0
Run,E1.2lt,RunE1,15,17.5,0,0,1,1,0,1,1,1,1,1,1,1,1,0,0,0,0,0
Run,E1.3lt,RunE1,20,23.5,0,0,1,1,0,1,1,1,1,1,1,1,1,0,0,0,0,0
Run,E1.4lt,RunE1,25,29.5,0,0,1,1,0,1,1,1,1,1,1,1,1,0,0,0,0,0
Run,E1.5lt,RunE1,30,35.5,0,0,1,1,0,1,1,1,1,1,1,1,1,0,0,0,0,0
Run,E2.1lt,RunE2,20,13.5,0,0,1,0,0,1,1,1,1,1,1,1,1,0,0,0,0,0
Run,E2.1blt,RunE2,22.5,19,0,0,1,0,0,1,1,1,1,1,1,1,1,0,0,0,0,0
Run,E2.2lt,RunE2,25,16.5,0,0,1,0,0,1,1,1,1,1,1,1,1,0,0,0,0,0
Run,E2.3lt,RunE2,30,20,0,0,1,0,0,1,1,1,1,1,1,1,1,0,0,0,0,0
Run,E2.4lt,RunE2,35,23.5,0,0,1,0,0,1,1,1,1,1,1,1,1,0,0,0,0,0
Run,E2.5lt,RunE2,40,26.5,0,0,1,0,0,1,1,1,1,1,1,1,1,0,0,0,0,0
Run,E2.6lt,RunE2,45,30,0,0,1,0,0,1,1,1,1,1,1,1,1,0,0,0,0,0
Run,E2.7lt,RunE2,50,33.5,0,0,1,0,0,1,1,1,1,1,1,1,1,0,0,0,0,0
Run,E2.1alt,RunE2,20,16.5,0,0,1,0,0,1,1,1,1,1,1,1,1,0,0,0,0,0
Run,E2.2alt,RunE2,25,21,0,0,1,0,0,1,1,1,1,1,1,1,1,0,0,0,0,0
Run,E2.3alt,RunE2,30,25,0,0,1,0,0,1,1,1,1,1,1,1,1,0,0,0,0,0
Run,E2.4alt,RunE2,35,29,0,0,1,0,0,1,1,1,1,1,1,1,1,0,0,0,0,0
Run,E2.5alt,RunE2,37.5,25,0,0,1,0,0,1,1,1,1,1,1,1,1,0,0,0,0,0
Run,E3.1lt,RunE3,23,28.5,0,0,1,0,0,0,1,1,1,0,0,0,1,0,0,0,0,0
Run,E3.2lt,RunE3,25,31.5,0,0,1,0,0,0,1,1,1,0,0,0,1,0,0,0,0,0
Run,E3.3lt,RunE3,28.5,36.5,0,0,1,0,0,0,1,1,1,0,0,0,1,0,0,0,0,0
Run,E3.4lt,RunE3,31.5,41,0,0,1,0,0,0,1,1,1,0,0,0,1,0,0,0,0,0
Run,E3.4alt,RunE3,34.5,45.5,0,0,1,0,0,0,1,1,1,0,0,0,1,0,0,0,0,0
Run,E3.5lt,RunE3,27.5,34.5,0,0,1,0,0,0,1,1,1,0,0,0,1,0,0,0,0,0
Run,E3.6lt,RunE3,30,38,0,0,1,0,0,0,1,1,1,0,0,0,1,0,0,0,0,0
Run,E3.7lt,RunE3,25,31.5,0,0,1,0,0,0,1,1,1,0,0,0,1,0,0,0,0,0
Run,E3.8lt,RunE3,22.5,28,0,0,1,0,0,0,1,1,1,0,0,0,1,0,0,0,0,0
Run,E3.9lt,RunE3,22.5,21.5,0,0,1,0,0,0,1,1,1,0,0,0,1,0,0,0,0,0
Run,E3.10lt,RunE3,25,24,0,0,1,0,0,0,1,1,1,0,0,0,1,0,0,0,0,0
Run,E3.11lt,RunE3,30,29,0,0,1,0,0,0,1,1,1,0,0,0,1,0,0,0,0,0
Run,E3.12lt,RunE3,35,34,0,0,1,0,0,0,1,1,1,0,0,0,1,0,0,0,0,0
Run,E3.13lt,RunE3,40,39,0,0,1,0,0,0,1,1,1,0,0,0,1,0,0,0,0,0
Run,E3.14lt,RunE3,45,44,0,0,1,0,0,0,1,1,1,0,0,0,1,0,0,0,0,0
Run,F1.1lt,RunF1,27,31,0,0,1,0,0,0,0,1,1,0,0,0,0,0,0,0,1,0
Run,F1.2lt,RunF1,29.5,34.5,0,0,1,0,0,0,0,1,1,0,0,0,0,0,0,0,1,0
Run,F1.3lt,RunF1,30,35.5,0,0,1,0,0,0,0,1,1,0,0,0,0,0,0,0,1,0
Run,F1.4lt,RunF1,27,32.5,0,0,1,0,0,0,0,1,1,0,0,0,0,0,0,0,1,0
Run,F1.5lt,RunF1,28,34,0,0,1,0,0,0,0,1,1,0,0,0,0,0,0,0,1,0
Run,F1.6lt,RunF1,27.5,34,0,0,1,0,0,0,0,1,1,0,0,0,0,0,0,0,1,0
Run,F1.7lt,RunF1,28.5,35,0,0,1,0,0,0,0,1,1,0,0,0,0,0,0,0,1,0
Run,F1.8lt,RunF1,22.5,27,0,0,1,0,0,0,0,1,1,0,0,0,0,0,0,0,1,0
Run,F1.9lt,RunF1,31.5,37.5,0,0,1,0,0,0,0,1,1,0,0,0,0,0,0,0,1,0
Run,M1.1lt,RunM1,28,35.5,0,0,1,0,0,0,0,1,1,0,0,0,0,0,1,0,0,0
Run,M1.2lt,RunM1,30,38.5,0,0,1,0,0,0,0,1,1,0,0,0,0,0,1,0,0,0
Run,M2.2lt,RunM2,29.5,37,0,0,1,0,0,0,0,0,1,1,1,1,0,0,1,0,0,0
Run,S1.1lt,RunS1,19.5,22.5,0,0,1,0,0,1,1,1,1,1,1,1,0,1,0,0,0,0
Run,S1.2lt,RunS1,32,39,0,0,1,0,0,1,1,1,1,1,1,1,0,1,0,0,0,0
Run,S1.3lt,RunS1,28,36.5,0,0,1,0,0,1,1,1,1,1,1,1,0,1,0,0,0,0
Run,S1.4lt,RunS1,23.75,29,0,0,1,0,0,1,1,1,1,1,1,1,0,1,0,0,0,0
Run,S1.5lt,RunS1,16.5,18.5,0,0,1,0,0,1,1,1,1,1,1,1,0,1,0,0,0,0
Run,S1.6lt,RunS1,25.5,30.5,0,0,1,0,0,1,1,1,1,1,1,1,0,1,0,0,0,0
Run,S1.7lt,RunS1,24.5,29.5,0,0,1,0,0,1,1,1,1,1,1,1,0,1,0,0,0,0
Swim,A1.1lt,SwimA1,19.25,20,1,0,0,0,0,0,0,0,0,1,1,1,0,0,0,0,0,1
Swim,A1.2lt,SwimA1,21.75,24,1,0,0,0,0,0,0,0,0,1,1,1,0,0,0,0,0,1
Swim,A1.3lt,SwimA1,26,28.5,1,0,0,0,0,0,0,0,0,1,1,1,0,0,0,0,0,1
Swim,A1.4lt,SwimA1,15,15.5,1,0,0,0,0,0,0,0,0,1,1,1,0,0,0,0,0,1
Swim,A2.1lt,SwimA2,25,22,1,0,0,0,0,0,0,0,0,0,1,1,0,0,0,0,0,1
Swim,A2.2lt,SwimA2,25,25,1,0,0,0,0,0,0,0,0,0,1,1,0,0,0,0,0,1
Swim,A2.3lt,SwimA2,27,30,1,0,0,0,0,0,0,0,0,0,1,1,0,0,0,0,0,1
Swim,A2.4lt,SwimA2,15.5,16,1,0,0,0,0,0,0,0,0,0,1,1,0,0,0,0,0,1
Swim,E2.1lt,SwimE2,16,16,1,0,0,1,0,1,1,1,1,1,1,1,1,0,0,0,0,0
Swim,E2.2lt,SwimE2,16,17,1,0,0,1,0,1,1,1,1,1,1,1,1,0,0,0,0,0
Swim,E2.2alt,SwimE2,21.5,20.5,1,0,0,1,0,1,1,1,1,1,1,1,1,0,0,0,0,0
Swim,E2.3lt,SwimE2,20,22,1,0,0,1,0,1,1,1,1,1,1,1,1,0,0,0,0,0
Swim,E2.4lt,SwimE2,24,26.5,1,0,0,1,0,1,1,1,1,1,1,1,1,0,0,0,0,0
Swim,E2.5lt,SwimE2,14.5,14,1,0,0,1,0,1,1,1,1,1,1,1,1,0,0,0,0,0
Swim,E2.6lt,SwimE2,24.5,26.5,1,0,0,1,0,1,1,1,1,1,1,1,1,0,0,0,0,0
Swim,E3.1lt,SwimE3,15,17.5,1,0,0,0,0,1,1,1,1,0,0,0,1,0,0,0,0,0
Swim,E3.2lt,SwimE3,16,17,1,0,0,0,0,1,1,1,1,0,0,0,1,0,0,0,0,0
Swim,E3.3lt,SwimE3,16,21.5,1,0,0,0,0,1,1,1,1,0,0,0,1,0,0,0,0,0
Swim,E3.4lt,SwimE3,17,22,1,0,0,0,0,1,1,1,1,0,0,0,1,0,0,0,0,0
Swim,E3.5lt,SwimE3,21,27.5,1,0,0,0,0,1,1,1,1,0,0,0,1,0,0,0,0,0
Swim,E3.6lt,SwimE3,29,38,1,0,0,0,0,1,1,1,1,0,0,0,1,0,0,0,0,0
Swim,F1.1lt,SwimF1,18,17,1,0,0,0,0,0,0,1,1,1,1,1,0,0,0,0,1,0
Swim,F1.2lt,SwimF1,23.5,23,1,0,0,0,0,0,0,1,1,1,1,1,0,0,0,0,1,0
Swim,F1.3lt,SwimF1,17.5,18.5,1,0,0,0,0,0,0,1,1,1,1,1,0,0,0,0,1,0
Swim,F1.4lt,SwimF1,25,27.5,1,0,0,0,0,0,0,1,1,1,1,1,0,0,0,0,1,0
Swim,M1.1lt,SwimM1,19,18,1,0,0,0,0,0,0,1,1,1,1,1,0,0,1,0,0,0
Swim,M1.3lt,SwimM1,28.25,30.5,1,0,0,0,0,0,0,1,1,1,1,1,0,0,1,0,0,0
Swim,M1.4lt,SwimM1,24.1,26.5,1,0,0,0,0,0,0,1,1,1,1,1,0,0,1,0,0,0
Swim,M1.5lt,SwimM1,23.25,25,1,0,0,0,0,0,0,1,1,1,1,1,0,0,1,0,0,0
Swim,M1.6lt,SwimM1,17.25,18.5,1,0,0,0,0,0,0,1,1,1,1,1,0,0,1,0,0,0
Swim,M1.7lt,SwimM1,23.5,24.5,1,0,0,0,0,0,0,1,1,1,1,1,0,0,1,0,0,0
Swim,M1.8lt,SwimM1,27,27,1,0,0,0,0,0,0,1,1,1,1,1,0,0,1,0,0,0
Swim,S1.1lt,SwimS1,13.5,13,1,0,0,0,0,1,1,1,1,1,1,1,0,1,0,0,0,0
Swim,S1.2lt,SwimS1,17,17.5,1,0,0,0,0,1,1,1,1,1,1,1,0,1,0,0,0,0
Swim,S1.3lt,SwimS1,25,22,1,0,0,0,0,1,1,1,1,1,1,1,0,1,0,0,0,0
Bike,E2.01Elt,BikeE2,45,31.5,0,1,0,0,1,1,1,1,1,1,1,1,1,0,0,0,0,0
Bike,E2.02Elt,BikeE2,52.5,37,0,1,0,0,1,1,1,1,1,1,1,1,1,0,0,0,0,0
Bike,E2.03Elt,BikeE2,60,42.5,0,1,0,0,1,1,1,1,1,1,1,1,1,0,0,0,0,0
Bike,E2.04Elt,BikeE2,67.5,47.5,0,1,0,0,1,1,1,1,1,1,1,1,1,0,0,0,0,0
Bike,E2.05Elt,BikeE2,75,53,0,1,0,0,1,1,1,1,1,1,1,1,1,0,0,0,0,0
Bike,E2.11Elt,BikeE2,60,38.5,0,1,0,0,1,1,1,1,1,1,1,1,1,0,0,0,0,0
Bike,E2.12Elt,BikeE2,67.5,44,0,1,0,0,1,1,1,1,1,1,1,1,1,0,0,0,0,0
Bike,E2.13Elt,BikeE2,75,49,0,1,0,0,1,1,1,1,1,1,1,1,1,0,0,0,0,0
Bike,E2.14Elt,BikeE2,90,59.5,0,1,0,0,1,1,1,1,1,1,1,1,1,0,0,0,0,0
Bike,E2.15Elt,BikeE2,105,70.5,0,1,0,0,1,1,1,1,1,1,1,1,1,0,0,0,0,0
Bike,E2.16Elt,BikeE2,120,81,0,1,0,0,1,1,1,1,1,1,1,1,1,0,0,0,0,0
Bike,E2.17Elt,BikeE2,135,91.5,0,1,0,0,1,1,1,1,1,1,1,1,1,0,0,0,0,0
Bike,E2.21Elt,BikeE2,45,30,0,1,0,0,1,1,1,1,1,1,1,1,1,0,0,0,0,0
Bike,E2.22Elt,BikeE2,50,33.5,0,1,0,0,1,1,1,1,1,1,1,1,1,0,0,0,0,0
Bike,E2.23Elt,BikeE2,60,41.5,0,1,0,0,1,1,1,1,1,1,1,1,1,0,0,0,0,0
Bike,E2.24Elt,BikeE2,70,48,0,1,0,0,1,1,1,1,1,1,1,1,1,0,0,0,0,0
Bike,E2.25Elt,BikeE2,80,55.5,0,1,0,0,1,1,1,1,1,1,1,1,1,0,0,0,0,0
Bike,E2.26Elt,BikeE2,90,62,0,1,0,0,1,1,1,1,1,1,1,1,1,0,0,0,0,0
Bike,E3.01Elt,BikeE3,35,28.5,0,1,0,0,1,0,1,1,1,0,0,0,1,0,0,0,0,0
Bike,E3.02Elt,BikeE3,40,34,0,1,0,0,1,0,1,1,1,0,0,0,1,0,0,0,0,0
Bike,E3.03Elt,BikeE3,45,38,0,1,0,0,1,0,1,1,1,0,0,0,1,0,0,0,0,0
Bike,E3.04Elt,BikeE3,52.5,45.5,0,1,0,0,1,0,1,1,1,0,0,0,1,0,0,0,0,0
Bike,E3.05Elt,BikeE3,50,44,0,1,0,0,1,0,1,1,1,0,0,0,1,0,0,0,0,0
Bike,E3.06Elt,BikeE3,60,54.5,0,1,0,0,1,0,1,1,1,0,0,0,1,0,0,0,0,0
Bike,E3.07Elt,BikeE3,42.5,37.5,0,1,0,0,1,0,1,1,1,0,0,0,1,0,0,0,0,0
Bike,E3.08Elt,BikeE3,47.5,42.5,0,1,0,0,1,0,1,1,1,0,0,0,1,0,0,0,0,0
Bike,E3.09Elt,BikeE3,55,50,0,1,0,0,1,0,1,1,1,0,0,0,1,0,0,0,0,0
Bike,E3.10Elt,BikeE3,62.5,58,0,1,0,0,1,0,1,1,1,0,0,0,1,0,0,0,0,0
Bike,F2.01Elt,BikeF2,38,28.5,0,1,0,0,1,0,0,0,1,1,0,0,0,0,0,0,1,0
Bike,F2.02Elt,BikeF2,42,33,0,1,0,0,1,0,0,0,1,1,0,0,0,0,0,0,1,0
Bike,F2.03Elt,BikeF2,44,34,0,1,0,0,1,0,0,0,1,1,0,0,0,0,0,0,1,0
Bike,F2.04Elt,BikeF2,49,39,0,1,0,0,1,0,0,0,1,1,0,0,0,0,0,0,1,0
Bike,F2.05Elt,BikeF2,54,44.5,0,1,0,0,1,0,0,0,1,1,0,0,0,0,0,0,1,0
Bike,F2.06Elt,BikeF2,38,26,0,1,0,0,1,0,0,0,1,1,0,0,0,0,0,0,1,0
Bike,F2.07Elt,BikeF2,38,23.5,0,1,0,0,1,0,0,0,1,1,0,0,0,0,0,0,1,0
Bike,M2.1Elt,BikeM2,41,39.5,0,1,0,0,1,0,0,0,1,1,1,1,0,0,1,0,0,0
Bike,M2.2Elt,BikeM2,47.5,46.5,0,1,0,0,1,0,0,0,1,1,1,1,0,0,1,0,0,0
Bike,M2.3Elt,BikeM2,45,45,0,1,0,0,1,0,0,0,1,1,1,1,0,0,1,0,0,0
Bike,M2.4Elt,BikeM2,52.5,53.5,0,1,0,0,1,0,0,0,1,1,1,1,0,0,1,0,0,0
Bike,M2.5Elt,BikeM2,49,50.5,0,1,0,0,1,0,0,0,1,1,1,1,0,0,1,0,0,0
Bike,M2.6Elt,BikeM2,57.5,60,0,1,0,0,1,0,0,0,1,1,1,1,0,0,1,0,0,0
Bike,M4.1Elt,BikeM4,35,37,0,1,0,0,1,0,0,0,0,1,1,1,0,0,1,0,0,0
Bike,M4.2Elt,BikeM4,39.5,43.5,0,1,0,0,1,0,0,0,0,1,1,1,0,0,1,0,0,0
Bike,M4.3Elt,BikeM4,43,48.5,0,1,0,0,1,0,0,0,0,1,1,1,0,0,1,0,0,0
Bike,M4.4Elt,BikeM4,47,55.5,0,1,0,0,1,0,0,0,0,1,1,1,0,0,1,0,0,0
Bike,M4.5Elt,BikeM4,62,74,0,1,0,0,1,0,0,0,0,1,1,1,0,0,1,0,0,0
Bike,S1.01Elt,BikeS1,31.5,19.5,0,1,0,0,1,1,1,1,1,0,0,0,0,1,0,0,0,0
Bike,S1.02Elt,BikeS1,33.5,21.5,0,1,0,0,1,1,1,1,1,0,0,0,0,1,0,0,0,0
Bike,S1.03Elt,BikeS1,39.5,26,0,1,0,0,1,1,1,1,1,0,0,0,0,1,0,0,0,0
Bike,S1.04Elt,BikeS1,43.5,30.5,0,1,0,0,1,1,1,1,1,0,0,0,0,1,0,0,0,0
Bike,S1.05Elt,BikeS1,43,35.5,0,1,0,0,1,1,1,1,1,0,0,0,0,1,0,0,0,0
Bike,S1.06Elt,BikeS1,51,41.5,0,1,0,0,1,1,1,1,1,0,0,0,0,1,0,0,0,0
Bike,S1.07Elt,BikeS1,35,29.5,0,1,0,0,1,1,1,1,1,0,0,0,0,1,0,0,0,0
Bike,S2.01Elt,BikeS2,38.5,25.5,0,1,0,0,1,1,1,1,1,0,0,0,0,1,0,0,0,0
Bike,S2.02Elt,BikeS2,48,33.5,0,1,0,0,1,1,1,1,1,0,0,0,0,1,0,0,0,0
Run,E2.1Elt,RunE2,20,23.5,0,0,1,1,1,1,1,1,1,1,1,1,1,0,0,0,0,0
Run,E2.2Elt,RunE2,25,29.5,0,0,1,1,1,1,1,1,1,1,1,1,1,0,0,0,0,0
Run,E2.3Elt,RunE2,30,35.5,0,0,1,1,1,1,1,1,1,1,1,1,1,0,0,0,0,0
Run,E2.4Elt,RunE2,35,41.5,0,0,1,0,1,1,1,1,1,1,1,1,1,0,0,0,0,0
Run,E2.5Elt,RunE2,40,47.5,0,0,1,0,1,1,1,1,1,1,1,1,1,0,0,0,0,0
Run,E2.6Elt,RunE2,45,53.5,0,0,1,0,1,1,1,1,1,1,1,1,1,0,0,0,0,0
Run,E2.7Elt,RunE2,50,59.5,0,0,1,0,1,1,1,1,1,1,1,1,1,0,0,0,0,0
Run,E2.8Elt,RunE2,55,66,0,0,1,0,1,1,1,1,1,1,1,1,1,0,0,0,0,0
Run,E2.9Elt,RunE2,60,72,0,0,1,0,1,1,1,1,1,1,1,1,1,0,0,0,0,0
Run,E2.10Elt,RunE2,67.5,81.5,0,0,1,0,1,1,1,1,1,1,1,1,1,0,0,0,0,0
Run,E2.11Elt,RunE2,75,90.5,0,0,1,0,1,1,1,1,1,1,1,1,1,0,0,0,0,0
Run,E2.12Elt,RunE2,82.5,100,0,0,1,0,1,1,1,1,1,1,1,1,1,0,0,0,0,0
Run,E2.13Elt,RunE2,90,109.5,0,0,1,0,1,1,1,1,1,1,1,1,1,0,0,0,0,0
Run,E2.14Elt,RunE2,97.5,119,0,0,1,0,1,1,1,1,1,1,1,1,1,0,0,0,0,0
Run,E2.15Elt,RunE2,105,128.5,0,0,1,0,1,1,1,1,1,1,1,1,1,0,0,0,0,0
Run,E2.16Elt,RunE2,112.5,138,0,0,1,0,1,1,1,1,1,1,1,1,1,0,0,0,0,0
Run,E2.17Elt,RunE2,120,147,0,0,1,0,1,1,1,1,1,1,1,1,1,0,0,0,0,0
